WAVE,FLUX_1RE,FLUX_FoV,ERROR_1RE,ERROR_FoV
3622.0,4.541878700256348,18.798614501953125,0.06564636528491974,31.608383178710938
3623.5,5.399849891662598,19.535770416259766,0.06632634997367859,31.608362197875977
3625.0,5.012075901031494,20.89240074157715,0.06462449580430984,31.608301162719727
3626.5,4.79762601852417,18.728797912597656,0.06445208191871643,31.608280181884766
3628.0,4.56671142578125,20.97022247314453,0.06319160014390945,31.6082763671875
3629.5,4.784703254699707,18.73663330078125,0.06329607218503952,31.63986587524414
3631.0,4.403811454772949,19.73431396484375,0.06308957934379578,31.6398868560791
3632.5,4.751615524291992,18.054180145263672,0.06464110314846039,31.639944076538086
3634.0,4.871669769287109,19.28665542602539,0.06485351175069809,31.6557674407959
3635.5,4.309657573699951,17.11874008178711,0.06416888535022736,31.655746459960938
3637.0,4.605709075927734,18.1414737701416,0.06430019438266754,31.655712127685547
3638.5,4.5153961181640625,17.13568687438965,0.06327815353870392,31.65567970275879
3640.0,4.854812145233154,20.268878936767578,0.06284371018409729,31.655637741088867
3641.5,5.017152309417725,17.759296417236328,0.06270945817232132,31.65559959411621
3643.0,5.065066337585449,21.911346435546875,0.06209753826260567,31.655611038208008
3644.5,4.316656112670898,19.185955047607422,0.05907219648361206,31.655540466308594
3646.0,4.679726600646973,21.62178611755371,0.058911923319101334,31.655536651611328
3647.5,5.08132791519165,19.67664337158203,0.05907461419701576,31.65549659729004
3649.0,4.755384922027588,21.513647079467773,0.058139409869909286,31.655479431152344
3650.5,4.713031768798828,19.975116729736328,0.06093313917517662,31.655651092529297
3652.0,4.935351371765137,22.005334854125977,0.06030641496181488,31.655637741088867
3653.5,4.777028560638428,20.47188949584961,0.05790681019425392,31.655517578125
3655.0,5.245445728302002,20.35784912109375,0.0585995651781559,31.65553092956543
3656.5,4.859010696411133,19.256593704223633,0.057737186551094055,31.655494689941406
3658.0,4.814196586608887,23.96465492248535,0.056480634957551956,31.65547752380371
3659.5,5.644652366638184,22.045578002929688,0.05808677524328232,31.65546226501465
3661.0,5.041018486022949,20.590530395507812,0.05740911141037941,31.655513763427734
3662.5,5.50408411026001,22.74376106262207,0.05692454054951668,31.65546417236328
3664.0,5.133937835693359,24.06609535217285,0.05625518038868904,31.65546226501465
3665.5,5.195939064025879,19.36896514892578,0.055164095014333725,31.655397415161133
3667.0,5.579064846038818,20.966882705688477,0.053716324269771576,31.655319213867188
3668.5,5.136381149291992,21.460311889648438,0.05210374295711517,31.65526008605957
3670.0,4.154168128967285,16.31196403503418,0.05006687343120575,31.65520668029785
3671.5,4.772869110107422,19.42216682434082,0.05041467025876045,31.65522003173828
3673.0,4.987383842468262,22.75745964050293,0.05097191408276558,31.655242919921875
3674.5,5.042344093322754,18.629207611083984,0.051030974835157394,31.655181884765625
3676.0,4.606448650360107,17.285585403442383,0.04962762072682381,31.655153274536133
3677.5,4.258569717407227,19.52959442138672,0.04785722494125366,31.655126571655273
3679.0,4.657358169555664,18.172697067260742,0.04799837991595268,31.655088424682617
3680.5,4.63397741317749,17.666784286499023,0.04717681556940079,31.655048370361328
3682.0,4.78165340423584,18.263612747192383,0.04607437923550606,31.65501594543457
3683.5,4.875823497772217,18.121442794799805,0.04623882845044136,31.654987335205078
3685.0,4.551026344299316,18.467273712158203,0.04596470668911934,31.655017852783203
3686.5,4.479691982269287,18.157617568969727,0.04530750960111618,31.654985427856445
3688.0,4.946394920349121,20.181453704833984,0.04544023051857948,31.639177322387695
3689.5,4.464059829711914,18.203994750976562,0.044807709753513336,31.65498161315918
3691.0,4.793610095977783,18.657512664794922,0.045743927359580994,31.655004501342773
3692.5,5.054927825927734,19.596220016479492,0.04622676968574524,31.655006408691406
3694.0,5.304514408111572,21.955862045288086,0.04614073038101196,31.655000686645508
3695.5,5.534398078918457,20.179458618164062,0.04602678492665291,31.65497589111328
3697.0,5.81087589263916,23.475666046142578,0.045329391956329346,31.654977798461914
3698.5,4.5531206130981445,17.71054458618164,0.045974891632795334,31.65503692626953
3700.0,4.17081356048584,16.722280502319336,0.04674791544675827,31.65508460998535
3701.5,4.824029922485352,18.908645629882812,0.047209013253450394,31.65507698059082
3703.0,4.587450981140137,21.008987426757812,0.04632871598005295,31.655057907104492
3704.5,4.562180519104004,18.98235511779785,0.04565738886594772,31.655044555664062
3706.0,4.792443752288818,19.57884979248047,0.044961221516132355,31.65500259399414
3707.5,5.140451431274414,19.60342788696289,0.0444701686501503,31.654966354370117
3709.0,5.056279182434082,21.291927337646484,0.04347638040781021,31.654943466186523
3710.5,4.9718122482299805,19.805288314819336,0.043370455503463745,31.654930114746094
3712.0,4.604048252105713,18.837116241455078,0.04251473397016525,31.6549129486084
3713.5,4.664883613586426,18.422725677490234,0.04247165843844414,31.65491485595703
3715.0,4.401915550231934,17.715171813964844,0.04217792674899101,31.6549129486084
3716.5,4.545666217803955,19.06639862060547,0.04088518023490906,31.63907241821289
3718.0,4.925887107849121,19.841812133789062,0.04050660878419876,31.63905906677246
3719.5,4.790820121765137,18.332359313964844,0.03960032016038895,31.639034271240234
3721.0,4.762430191040039,20.372772216796875,0.03815274313092232,31.638999938964844
3722.5,4.95015811920166,18.70195770263672,0.03828682377934456,31.638988494873047
3724.0,4.970591068267822,19.574764251708984,0.03837079182267189,31.639005661010742
3725.5,5.064775466918945,18.520906448364258,0.038555532693862915,31.63900375366211
3727.0,5.218589782714844,18.268718719482422,0.039012666791677475,31.639007568359375
3728.5,5.067075729370117,19.35601043701172,0.03866294026374817,31.654813766479492
3730.0,4.671598434448242,17.744396209716797,0.03825429826974869,31.65481948852539
3731.5,4.670083999633789,18.451797485351562,0.038385163992643356,31.65483856201172
3733.0,4.851683616638184,17.9549560546875,0.040064506232738495,31.654882431030273
3734.5,4.972348690032959,19.97704315185547,0.04016362875699997,31.670684814453125
3736.0,4.773870944976807,20.85304832458496,0.03911526873707771,31.6706600189209
3737.5,4.869747161865234,19.49398422241211,0.03931165486574173,31.686443328857422
3739.0,4.802541732788086,18.570728302001953,0.04041280969977379,31.686471939086914
3740.5,4.78344202041626,18.596389770507812,0.041277654469013214,31.702280044555664
3742.0,5.401182174682617,20.189044952392578,0.04150046780705452,31.7022647857666
3743.5,5.172384738922119,20.160808563232422,0.04033469036221504,31.70223617553711
3745.0,4.976830005645752,21.414539337158203,0.038808535784482956,31.717954635620117
3746.5,4.9793701171875,18.610755920410156,0.037995949387550354,31.717924118041992
3748.0,4.849614143371582,18.94498062133789,0.037592604756355286,31.717910766601562
3749.5,4.738290786743164,21.016475677490234,0.03600553050637245,31.717885971069336
3751.0,4.682286262512207,18.34153938293457,0.03658801689743996,31.717893600463867
3752.5,4.541314601898193,17.291290283203125,0.03602656349539757,31.71788787841797
3754.0,5.154911518096924,21.792499542236328,0.03611614555120468,31.702110290527344
3755.5,4.350707054138184,16.501190185546875,0.03651883825659752,31.702129364013672
3757.0,4.714900016784668,17.692537307739258,0.036360643804073334,31.70211410522461
3758.5,5.0600786209106445,20.0919189453125,0.03513190522789955,31.702068328857422
3760.0,5.238072395324707,19.05190658569336,0.03549379110336304,31.702075958251953
3761.5,4.937887191772461,19.085773468017578,0.03498996049165726,31.70206642150879
3763.0,5.141870498657227,19.31642723083496,0.03441942110657692,31.702043533325195
3764.5,4.8300275802612305,18.196115493774414,0.03382512181997299,31.702037811279297
3766.0,5.137054443359375,19.085968017578125,0.03446904942393303,31.702043533325195
3767.5,5.159026622772217,19.192140579223633,0.033873073756694794,31.70203399658203
3769.0,5.316444396972656,20.899555206298828,0.033245597034692764,31.70201873779297
