name,objra,objdec,Type,Ttype,nsa_z,LogMass,incl,PETRO_TH90
manga-10001-12701,133.371090612,57.5984251446,Sbc,4,0.0392074,9.486856770836832,70.40721123115884,7.8809476
manga-10001-12702,133.685669869,57.4802503218,SABbc,4,0.0408108,9.727675428416093,59.45486217511194,14.147447
manga-10001-12703,136.017159969,57.0923291779,SABbc,4,0.0462094,10.13651446613351,78.12665169689076,13.00185
manga-10001-12704,133.989966869,57.6779676669,Sd,7,0.0141215,9.632117012183734,81.37307344132137,28.682878
manga-10001-12705,136.75137451,57.4514369241,Sbc,4,0.0462349,10.113518872629513,61.87147462635583,11.03955
manga-10001-1901,133.330028009,57.0411553708,Sbc,4,0.0257497,9.127156651326711,70.5208383810165,4.862905
manga-10001-1902,134.193923352,56.7867469988,SB0,-2,0.0253909,10.16240906022107,42.81921183061199,12.340964
manga-10001-3701,132.465646765,57.1437279024,SAB0,-2,0.0394191,9.836674701776284,47.826259277688806,4.5231752
manga-10001-3702,132.912768243,57.1074235568,E,-5,0.0256063,9.836272199852367,26.32952409987606,13.070651
manga-10001-3703,134.591498946,57.6849653262,SABb,3,0.0405528,9.573641965438451,67.77250800055678,5.5400043
manga-10001-3704,134.910466734,56.8788941639,E,-5,0.0307813,10.338426609928648,26.16758595252773,12.411791
manga-10001-6101,137.041133755,57.4236117812,Edc,-5,0.119001,10.89751547976021,39.42956008411675,11.455018
manga-10001-6102,132.653991697,57.3596675436,SBab,2,0.0261046,10.35388354706021,61.45962002146982,14.403017
manga-10001-6103,134.008123053,57.3909643699,SB0a,0,0.0406264,10.611680832142287,37.43928358735284,16.61832
manga-10001-6104,136.623724313,56.7963948252,SABb,3,0.0672827,11.111440631985133,60.99787880121145,18.00454
manga-10001-9101,133.87809679,57.5645448676,SBd,7,0.0400858,9.3754715676292,55.13239979272044,10.472028
manga-10001-9102,135.818210094,56.6253848319,S0,-2,0.0804568,10.854558041696281,41.36282397190279,13.916864
manga-10213-12701,124.129949071,43.7284583177,Edc,-5,0.142333,11.122153597617457,46.50833862381945,18.322678
manga-10213-12702,124.272776248,43.3509915523,SABcd,6,0.0370796,9.311828002565155,67.14576682224471,13.08414
manga-10213-12703,123.132893944,44.3009344657,Sd,7,0.037522,9.537768739170627,81.37307344132137,18.912167
manga-10213-12704,124.485516908,42.8806679257,Edc,-5,0.079918,11.117025899685025,35.91334930121162,28.621683
manga-10213-12705,122.931168093,41.5549778649,SBbc,4,0.0315479,10.374168900317871,53.93611100128061,22.765715
manga-10213-1901,124.082783686,43.4476368387,S0a,0,0.0241983,10.339944090983794,17.114416397151675,17.496666
manga-10213-1902,123.453117209,41.6494790245,Sc,5,0.0488798,10.623041399718037,48.82173394625367,18.10787
manga-10213-3701,122.867048301,43.6383451379,S0,-2,0.142999,11.274033087185169,20.61783000616068,14.602609
manga-10213-3702,122.755283436,44.2220679155,S0,-2,0.148796,11.232162277746674,46.5298165404457,7.767619
manga-10213-3703,123.8433,44.06446,Sc,5,0.0202965,9.324710364098776,39.091678200633055,12.549163
manga-10213-3704,123.434850902,43.7540199483,E,-5,0.126828,11.392373309682428,33.030765297691175,22.039967
manga-10213-6101,121.717807261,43.3235006561,SB0,-2,0.0635822,10.922140816638953,28.24028270257697,11.582054
manga-10213-6102,122.675141761,42.2778481495,Sa,1,0.0644828,10.709138465202136,62.317926769419444,10.513791
manga-10213-6103,121.096386831,43.5825885672,Sab,2,0.0409014,10.676612228929196,35.94635230344108,18.00454
manga-10213-6104,122.574759642,42.4055177083,S0,-2,0.0642566,11.009178845374386,55.25618943656468,14.077064
manga-10213-9101,122.363515778,43.9349178253,Sbc,4,0.0229631,10.049671468495342,58.59205403699928,15.784071
manga-10213-9102,124.265207921,42.3782637188,Sbc,4,0.0187734,8.689909705799584,71.33471654469587,16.750353
manga-10214-12701,121.177734666,35.4005287119,Sbc,4,0.0290735,10.029091443779619,76.6158376955818,23.357351
manga-10214-12702,122.056621702,34.5382142602,E,-5,0.0831062,10.913179955599755,34.168241971158196,15.164274
manga-10214-12703,121.367176743,35.9466955876,SBab,2,0.033019,10.884937463143872,53.64518081234126,25.668339
manga-10214-12704,122.535492782,35.275267785,S0,-2,0.0839909,11.379055204966683,46.30954192406028,27.301685
manga-10214-12705,122.2768863,34.7247236733,S0,-2,0.0828647,10.999717182225103,55.19103813340422,52.198338
manga-10214-1901,122.194114188,35.4369387111,Sb,3,0.0924488,10.925928537643083,18.922868166581132,22.250505
manga-10214-1902,121.988292284,34.2273271723,S0,-2,0.0217766,9.54579928535667,0.0,4.800282
manga-10214-3702,120.75370272,35.1591455551,S0a,0,0.0336851,10.461635066470727,53.802319431319575,13.370387
manga-10214-3703,122.921386026,36.1157754382,E,-5,0.0862614,11.173183353674426,29.947751249226656,15.557333
manga-10214-3704,123.657888722,34.4998105102,E,-5,0.0626168,10.65957965778917,29.542871148570914,8.80468
manga-10214-6101,123.061819419,35.1571384443,SABb,3,0.0174922,9.323631555183054,63.376037877948896,12.919089
manga-10214-6102,122.841078941,34.5816625567,E,-5,0.0531879,10.517013693659768,14.562031075561523,12.845367
manga-10214-6103,120.885107167,34.9655998133,SABcd,6,0.0176724,9.267134166174838,40.385792225287986,23.027773
manga-10214-6104,123.092211293,36.2836131709,Sb,3,0.0236042,9.41838747861846,69.32981616420469,14.67988
manga-10214-9101,120.935390177,35.3428778906,Edc,-5,0.0335704,10.76200146688339,36.02056210567772,23.984297
manga-10214-9102,121.942383602,34.7771614059,SABab,2,0.146782,11.251983572267264,51.46094116904148,11.937283
manga-10215-12701,121.800741247,38.2563612267,Sb,3,0.0737496,10.763725907228034,69.62243586457143,13.758488
manga-10215-12702,121.466201503,37.5140925477,Sc,5,0.0440437,9.838573950428419,44.61893181135427,9.226169
manga-10215-12703,122.130636583,37.5865756841,SABd,7,0.0218943,9.464380736627728,71.82514384365075,22.039967
manga-10215-12704,123.448616143,37.0503815874,S0a,0,0.0306034,10.545511224021265,35.88520767492156,23.29285
manga-10215-12705,122.984477119,36.4242678945,Sbc,4,0.0737836,10.634077051216467,28.080757894713162,19.395079
manga-10215-1901,122.118199278,38.1518625278,S0a,0,0.0212176,9.313356729854231,29.284573936584618,6.793319
manga-10215-1902,123.857378368,37.3405186037,Sa,1,0.0397304,9.65935895745848,69.37598244402928,4.6561217
manga-10215-3701,122.040031781,37.9213571348,Sbc,4,0.0223549,9.125575596578699,43.097926786116005,11.097967
manga-10215-3702,121.370110164,37.557853221,Sab,2,0.0337287,10.664316602856463,25.53315659664401,15.193885
manga-10215-3703,122.303250785,38.0177069537,SABab,2,0.0319773,10.17760575067125,67.97945728431509,9.872351
manga-10215-3704,122.11350534,36.8374284802,SB0a,0,0.0520623,10.430220226321072,40.34545198380987,8.65481
manga-10215-6101,123.253441576,36.5330040267,Sb,3,0.0845256,10.768144337839217,71.93938341743603,7.2757673
manga-10215-6102,122.734117936,36.828123263,S,11,0.0214122,9.501089401482968,31.539581998224016,14.823549
manga-10215-6103,122.323241339,38.3369384918,Sab,2,0.0407153,9.689105430226313,53.173062113779324,7.767619
manga-10215-6104,123.647988384,38.5503483448,Sbc,4,0.0684507,10.599957266802885,39.09785657446924,8.938419
manga-10215-9101,121.561209049,37.6405216725,Sc,5,0.0409801,9.558876497255136,74.12300767979029,8.12853
manga-10215-9102,122.390684521,36.9852665635,Sbc,4,0.0414319,9.90209267979963,73.97748933784148,8.938591
manga-10216-12701,118.476258864,16.9533603239,SABbc,4,0.0461579,10.028965517166421,67.54628338820056,11.637828
manga-10216-12702,118.230122563,17.0168029767,Sbc,4,0.0289085,10.16088551769164,75.02859153770864,20.683643
manga-10216-12703,118.62259747,17.7010718242,SABbc,4,0.0410597,9.63363810028594,32.10893953174555,14.821093
manga-10216-12704,118.16230011,18.3216056824,Sa,1,0.0449364,10.596002970384388,52.60323391765651,18.316315
manga-10216-12705,117.894285161,16.621269888,Sc,5,0.0219717,9.30943639480255,75.79186663798559,16.400448
manga-10216-1901,117.038289628,18.5706939566,SABa,1,0.0462749,10.174138340148707,59.571681539517954,5.193908
manga-10216-1902,116.767280449,18.1383425062,SAB0,-2,0.0452223,9.985261168201355,57.07279870949249,4.744846
manga-10216-3701,117.186922861,17.966051805,S0a,0,0.0462185,10.293983163234014,33.58573432278882,11.03955
manga-10216-3702,117.003225435,18.622145951,SBa,1,0.0452326,10.17371060281591,39.682017219751955,7.2757673
manga-10216-3703,117.094733328,18.5028826591,S0,-2,0.0465506,10.153592326656822,45.52853158612377,4.8205686
manga-10216-3704,117.23952599,17.5771207096,S0a,0,0.0286623,10.436350323512368,58.49452754534287,12.699185
manga-10216-6101,117.700436207,16.3893864476,SBab,2,0.0408673,10.54719608098719,47.78968082404241,14.67988
manga-10216-6102,116.730202777,18.482375517,SBab,2,0.0440461,10.470817543120724,54.57224256822743,14.821093
manga-10216-6103,116.346578955,18.2366261774,SABab,2,0.046202,10.116332072095345,62.7758353600347,6.8292675
manga-10216-6104,117.43276891,18.9185959989,Sbc,4,0.0478572,10.468573282017369,78.4749116000591,17.396822
manga-10216-9101,116.67274471,18.7348410457,Edc,-5,0.0514557,11.1370976373091,25.14585681248018,22.272913
manga-10216-9102,116.446792381,18.312577531,SBab,2,0.0520187,10.46039563430696,33.45625289153314,11.156693
manga-10217-12701,118.002740625,15.7585152922,Sc,5,0.0503444,10.045776599097493,46.19556816775833,14.736518
manga-10217-12702,118.300437995,15.2413143621,Sbc,4,0.0502071,10.099311091957842,77.95159392544254,13.634327
manga-10217-12703,119.85175,16.4189444444,Scd,6,-9999.0,,,
manga-10217-12704,119.917160034,15.3868169785,Sab,2,-9999.0,,,
manga-10217-12705,119.505587809,14.7026287414,SBbc,4,0.0472856,10.804505394485656,30.930434577464634,20.655245
manga-10217-1901,119.06828621,15.2400782037,SBab,2,0.0291682,10.16528588341752,30.91449051551316,10.695853
manga-10217-1902,118.699364685,14.6654215753,SAB0a,0,0.0503408,10.210583350669818,78.442748623998,5.471516
manga-10217-3701,118.693207358,14.3594231641,Sa,1,0.0495985,10.285215139217264,48.97251427877304,7.4309955
manga-10217-3702,118.521918682,14.6200482639,S0,-2,0.0518635,10.201293318265698,80.11669785857669,7.792477
manga-10217-3703,119.293209673,14.65876405,SBab,2,0.0475661,10.593875067086195,18.68592667724368,7.247181
manga-10217-3704,118.395673439,14.4733243477,SBab,2,0.0595888,10.544493444530483,58.50742944115442,7.6296973
manga-10217-6101,117.735046075,14.7678282599,E,-5,0.108284,11.098955060438469,28.658232992982814,13.139816
manga-10217-6102,118.202222407,15.308880164,Sa,1,0.0477486,10.22487218227026,71.77737619561884,8.764126
manga-10217-6103,117.993013365,15.7114103805,SBab,2,0.0470016,10.046202414420081,55.77085647788664,9.27499
manga-10217-6104,119.503945958,14.9502274395,Edc,-5,0.109197,11.081930296979175,32.341882770544984,11.9490185
